alpha,T_max,T_exp,T_scale,objective1,objective2
0.0,0.00012854548,2.9949818,0.30266362,-0.9813539733378285,0.6129159216219346
0.0,0.00018976157,2.9834943,0.32127494,-0.9865380066164116,0.595143252740459
0.0,0.00017799817,2.9948025,0.32847512,-0.9884850089378944,0.6097770054659128
0.0,0.00016218855,2.986661,0.31194192,-0.9886394793748601,0.5863758892027312
0.0,0.00021931402,2.9848385,0.2167752,-0.98899770279929,0.5889329743880516
0.0,0.00023903119,2.9799278,0.06939885,-0.9909681682377598,0.5957228614180101
0.0,0.00018349104,2.9848087,0.05086266,-0.9971762252884397,0.5927018956203021
0.0,0.00020764215,2.9817176,0.2962895,-0.987088117131325,0.5950551635891252
0.0,0.00012988872,2.991839,0.121892564,-0.9803635644326495,0.599952080093002
0.0,0.00026950816,2.9851606,0.30477536,-0.9840280257320777,0.6011168149941725
0.0,0.00019582153,2.980113,0.31832102,-0.9916867577158568,0.5786934462706231
0.0,0.00023367755,2.9816098,0.22544515,-0.9937021437934587,0.5911889923591418
0.0,0.00022375798,2.9871979,0.23102401,-0.9934657240068016,0.6026523383391436
0.0,0.0001878212,2.989506,0.2664558,-0.991356732243758,0.5959819995959801
0.0,0.00020455055,2.9840848,0.079742715,-0.9897066316482862,0.5928852548566274
0.0,0.00019051705,2.9861474,0.19048856,-0.9900211424805349,0.5840701864283993
0.0,0.0002705002,2.982706,0.31054583,-0.9857056136954704,0.5950726860104576
0.0,0.00014360328,2.9931283,0.36212334,-0.9888349339252855,0.6032052031243119
0.0,0.00020084056,2.9838097,0.26501158,-0.996904681165991,0.5923200389164329
0.0,0.00015083433,2.9894564,0.060449224,-0.9743214015422835,0.5936008482629105
0.0,0.00017509043,2.9872165,0.3880243,-0.9932627598593265,0.5962186427021609
0.0,0.00019109361,2.9859605,0.23292942,-0.9917336755974193,0.5916529161767733
0.0,0.00013137226,2.9918876,0.046773087,-0.973111880582032,0.5953641527083072
0.0,0.00016397497,2.9889538,0.14239223,-0.9886886674208358,0.600127905951503
0.0,0.00016117161,2.9849482,0.21931088,-0.9911287537843932,0.5970296490915673
0.0,0.00022924705,2.9853003,0.2156936,-0.993547564283506,0.6003988238390199
0.0,0.00019034435,2.9894254,0.23457186,-0.9891321112075206,0.5962701324062649
0.0,0.00020064034,2.9866004,0.30071414,-0.9974358030153562,0.592529597077937
0.0,0.00022545831,2.983458,0.021028614,-0.9869028070942797,0.5902471268437399
0.0,0.00031024954,2.9841018,0.40562,-0.9946185556927939,0.6077456915598018
0.0,0.00013278106,2.9941604,0.416585,-0.9969249167730951,0.6021885144324315
0.0,0.00022955725,2.9831562,0.04161935,-0.9877459243291018,0.5954418418033063
0.0,0.0001974383,2.9877262,0.3516938,-0.9857247011381809,0.6014240739262643
0.0,0.0002220544,2.986813,0.078314975,-0.9896774640878485,0.6035660666480467
0.0,0.00018919424,2.9811845,0.20769386,-0.9921102824058629,0.5870111188874078
0.0,0.00010985419,2.9952905,0.16549274,-0.98902065088211,0.5967687095189325
0.0,0.00019409973,2.9862978,0.21954311,-0.9970222345749542,0.591372993785564
0.0,0.00024107187,2.9825692,0.08383617,-0.992497701129944,0.5938742382806558
0.0,0.00023220242,2.980377,0.36454198,-0.9905141887482639,0.600863658815864
0.0,0.00019069407,2.992653,0.28030434,-0.9958154637166858,0.6073673744582189
0.0,0.00022321998,2.9819038,0.25792652,-0.9935401399952368,0.5952941024790368
0.0,0.00020069016,2.9885702,0.15599747,-0.9944682568716577,0.6008840084620632
0.0,0.00018342504,2.985979,0.4920032,-0.9976376276587052,0.5955640013125013
0.0,0.00011440064,2.9935937,0.3168372,-0.9943160757889055,0.6117756579803507
0.0,0.00020471768,2.982046,0.25884464,-0.9945960323547527,0.5973399038685823
0.0,0.00021044961,2.9818983,0.18682086,-0.9897694079332586,0.5802074991545624
0.0,0.00019604938,2.9856777,0.2840595,-0.9913682292875783,0.5957422750284423
0.0,0.000118201104,2.994275,0.2337103,-0.990748340576975,0.604529735376187
0.0,0.00016454741,2.9885938,0.024192365,-0.9872021505963751,0.5966848215109664
0.0,0.00023670663,2.9767296,0.11938729,-0.9937909771835507,0.5828310199589829
0.0,0.00022944514,2.9842827,0.18131146,-0.991781525755968,0.5915852224235727
0.0,0.00019511927,2.9852495,0.25537172,-0.988236166156823,0.5808686944996544
0.0,0.00010772345,2.9942772,0.2791527,-0.9783841877435259,0.5974000420721686
0.0,0.00021181157,2.9807336,0.049918126,-0.9938152907567719,0.590842412810219
0.0,0.00010546951,2.9908237,0.1093137,-0.9809627402605753,0.6025856142206997
0.0,0.00021046455,2.985987,0.16797811,-0.9872766482891128,0.6057345096719459
0.0,0.00011783668,2.993016,0.23050405,-0.9798808663638578,0.5984422895654582
0.0,0.00017809794,2.991457,0.19047047,-0.980018909072801,0.599931942438216
0.0,0.00014017863,2.9913337,0.22544913,-0.9942414899482144,0.6038545566082865
0.0,0.00024145002,2.9864979,0.048569843,-0.9918523010383319,0.5954492434288355
0.0,0.00023615913,2.9896972,0.13359874,-0.9978860169128734,0.6065099565757339
0.0,0.00025168803,2.980642,0.33065093,-0.9917616852695762,0.600125283925999
0.0,0.00019505294,2.988698,0.2871779,-0.9978252091099659,0.6016930357248478
0.0,0.00022375995,2.9931517,0.39368954,-0.9898707387120231,0.6158076902447813
0.0,0.00025153122,2.9739933,0.059069946,-0.9930952631123003,0.5935030441854406
0.0,0.00017802144,2.9926128,0.28727415,-0.9837658274558809,0.6202103988185549
0.0,0.00019920364,2.9742136,0.33061954,-0.9951432726620426,0.5840052158785256
0.0,0.00016525696,2.9840589,0.3204658,-0.9906294992712544,0.5915823137282171
0.0,0.00019722273,2.9825974,0.21105966,-0.9961537724849705,0.5833796614413957
0.0,0.00020711716,2.9830554,0.15021408,-0.9923365793020896,0.5930307022831613
0.0,0.00027398535,2.9773188,0.28858262,-0.9917048383099228,0.5866724554460655
0.0,0.00010549022,2.9944754,0.15839943,-0.9707131508568615,0.6008573115729781
0.0,0.00016157125,2.9857028,0.2678753,-0.9885205144215486,0.5841670546224315
0.0,0.0002460023,2.9796975,0.07834858,-0.9901730596738588,0.6017713974669849
0.0,0.00013627642,2.9949505,0.2454698,-0.9962357785276356,0.6079685454608672
0.0,0.00018405559,2.9778652,0.3338754,-0.9939219133657253,0.5997243284798806
0.0,0.00018297127,2.990161,0.27598596,-0.9916160070324093,0.6035887674976553
0.0,0.0002257663,2.9865317,0.17621137,-0.9883117446695796,0.591262935329631
0.0,0.00022850634,2.982204,0.12015979,-0.9898955002470781,0.5935726794719319
0.0,0.00017394246,2.9875965,0.08375547,-0.9813708059809488,0.5941417188798883
0.0,0.0009919761,2.9773643,0.8583741,-0.9967524347573018,0.6171075927010444
0.0,0.00028990587,2.9890985,0.23344703,-0.991473912421847,0.6131574412882089
0.0,0.00023902961,2.988602,0.51678926,-0.9958177124316004,0.6016007142405081
0.0,0.00018940662,2.9899094,0.16678259,-0.9972418280183315,0.5998753566447056
0.0,0.00017774416,2.9801972,0.4000191,-0.9950464852781171,0.5907955802421946
0.0,0.0001843581,2.9862988,0.032195777,-0.9803129740340928,0.5895093783856857
0.0,8.8221524e-05,2.9959981,0.31406263,-0.9769963108404882,0.601493756655642
0.0,0.00013872777,2.9934587,0.32992077,-0.9870636688561919,0.6105003560736926
0.0,0.00020088912,2.983615,0.6361308,-0.993007365115108,0.5846791188035284
0.0,0.00017948967,2.9928524,0.22126178,-0.9962972193301434,0.6040954678526688
0.0,0.0001944058,2.9816895,0.35298508,-0.9908886622694932,0.5821988580859108
0.0,0.00023629835,2.981415,0.1905386,-0.9808822572987759,0.596653011371427
0.0,0.00022580703,2.9828513,0.15903881,-0.9843327817593945,0.5886597008223234
0.0,0.00017882492,2.9849312,0.32205665,-0.9894442608300004,0.5975832929354161
0.0,0.000329381,2.9925683,0.51263094,-0.9918253136507904,0.6086622796578124
0.0,0.00010185367,2.989459,0.15453064,-0.9902349923337624,0.6036418645235565
0.0,0.00017373529,2.9779596,0.46594393,-0.993146763896862,0.5726957158778255
0.0,0.0002034027,2.9825509,0.11338782,-0.9882252636939003,0.5909793661671017
0.0,0.00022342622,2.9878473,0.26672494,-0.989231175359086,0.6037985711952376
0.0,0.0002122085,2.9816864,0.17416741,-0.9925248660210265,0.5904886149348045
0.1,0.00050023926,2.2297602,0.6255055,-0.9897085581464491,0.5879226509006448
0.1,0.00050143397,1.850618,0.6679383,-0.9883013464296908,0.5852292552447123
0.1,0.0005834445,2.2573428,0.54101425,-0.9926583632099671,0.5869137193825891
0.1,0.00042596646,1.326295,0.59732246,-0.9834232957127952,0.6028535544514582
0.1,0.00048446815,1.7509651,0.6914627,-0.981022161485789,0.5885581415574993
0.1,0.0012860227,2.167587,0.80354494,-0.9891837529515025,0.5777989317220653
0.1,0.00050686847,1.8172551,0.7268987,-0.9880611869529661,0.5881623580253886
0.1,0.0006539251,2.1825657,0.8113067,-0.9951104653158215,0.5871917631134754
0.1,0.00044333457,1.4336951,0.5402836,-0.9811848829154765,0.5811290554803313
0.1,0.0003608566,0.15578012,0.21939264,-0.9794574946402136,0.597991081587317
0.1,0.00045251168,0.5652066,0.4888769,-0.9860914785171923,0.5880111212619588
0.1,0.00046044064,2.271626,0.3904751,-0.9974418354750948,0.5947494177846365
0.1,0.00045387133,2.2791574,0.54423165,-0.9859918462505354,0.5854390018310428
0.1,0.0004295379,1.1940202,0.46358582,-0.9910037862208034,0.5963526821952074
0.1,0.004305482,0.720556,0.47981426,-0.9683367441500931,0.5796402576707306
0.1,0.00080281025,2.7025082,0.9372878,-0.9899941123883784,0.5764197553838742
0.1,0.0015390057,2.268994,0.90175307,-0.9618740339342061,0.5841416459706373
0.1,0.07176309,0.4842226,0.9134703,-0.9150815190644288,0.5501324696586489
0.1,0.00047240648,2.2979097,0.63460314,-0.9827519978327774,0.5796567909924485
0.1,0.0005326219,2.200803,0.7090699,-0.9806590714537012,0.5931469300441747
0.1,0.00047737506,2.2063046,0.63027906,-0.9933209741367673,0.5789056288735809
0.1,0.00035781448,1.8855982,0.30985677,-0.9905344382489819,0.5821060692116131
0.1,0.00055353134,1.8084546,0.74689233,-0.9929051686557296,0.5743313476078276
0.1,0.00059481995,2.265861,0.85103834,-0.9866016695205019,0.5876798448514325
0.1,0.0013257972,1.7662679,0.635698,-0.9943059979203811,0.5786225526331039
0.1,0.00046092703,2.4440463,0.58803296,-0.9976932304264869,0.5808666286798734
0.1,0.00038653548,0.56438273,0.33369434,-0.990358708756296,0.5842326352325654
0.1,0.001129298,2.4080741,0.8028698,-0.9847009558884652,0.5711817997440345
0.1,0.0006217622,2.877774,0.7418757,-0.9895501741298175,0.5774147431932213
0.1,0.00045749807,2.6738653,0.26859593,-0.9964908650643904,0.5841509765829129
0.1,0.00040463905,0.8401355,0.42903572,-0.9843767167893531,0.5858350734351635
0.1,0.00034218823,0.04067534,0.054994803,-0.9815354147482632,0.5976146709052172
0.1,0.00045265138,1.9063758,0.48716748,-0.992792198273599,0.5814154262375759
0.1,0.00076405215,2.5933068,0.9512795,-0.9804829854487636,0.5923176751068034
0.1,0.00079131336,2.3941896,0.9109427,-0.9832971285164102,0.5829840253627784
0.1,0.00040180664,0.72889113,0.37732777,-0.994465697363989,0.5995514661598077
0.1,0.00049420516,1.5829448,0.6574307,-0.9786696638912785,0.5799770032719975
0.1,0.00035456664,0.42984948,0.25468242,-0.9851803548565737,0.5880707298318393
0.1,0.00041586303,1.9610639,0.47812638,-0.986970717772302,0.5797661227670765
0.1,0.0005779376,1.8742323,0.8045995,-0.9965799001603797,0.5903075218326332
0.1,0.076575615,0.46460086,0.92539185,-0.9245909903888002,0.5594844162159661
0.1,0.0007327558,2.6684942,0.9521623,-0.9843170679867795,0.5758789886863441
0.1,0.00038623187,1.1837236,0.4338521,-0.9949669275690638,0.6026075538852609
0.1,0.00046093148,1.7975817,0.5966716,-0.9851351639719443,0.5925740477246684
0.1,0.00056586124,2.0485864,0.82777005,-0.9949817691692435,0.5840121077811206
0.1,0.00034547952,1.1481956,0.26833132,-0.9900896754001814,0.5910559433964143
0.1,0.0003849735,1.7385656,0.3697533,-0.9916220883943483,0.5927639352736934
0.1,0.015139438,1.8644261,0.53644925,-0.9852250760596788,0.5621198286349728
0.1,0.00046974275,1.7331614,0.64134616,-0.9816134144225844,0.5946549238538051
0.1,0.0007671431,2.803605,0.8723482,-0.987713313267626,0.5728461512509451
0.1,0.0009886725,2.4889913,0.8329771,-0.9799921033977652,0.5772664982214819
0.1,0.0029953269,0.8695101,0.24779859,-0.9872272564211079,0.5736829159122286
0.1,0.00045663986,1.8196509,0.6248552,-0.9858919121363574,0.5921821478356175
0.1,0.00069910934,2.7171295,0.96330255,-0.9880207347880895,0.5762692789565225
0.1,0.00046679328,0.46867248,0.56240916,-0.9749612010221881,0.6012743865717821
0.1,0.0008677854,2.515916,0.67552876,-0.9937766388715765,0.5690395810521575
0.1,0.0004101891,2.145297,0.5380318,-0.9968646708842344,0.5944523584286152
0.1,0.00038927572,0.26713085,0.2785519,-0.9731622678572712,0.5924963567613933
0.1,0.00035356864,0.092116565,0.06509629,-0.9896133688453156,0.6046241097932071
0.1,0.00039734822,2.0143948,0.3502479,-0.9905737540211673,0.5883203662181054
0.1,0.00056559464,1.9566183,0.6033675,-0.9913791453004122,0.5901703031104344
0.1,0.0007650458,2.5043511,0.73755866,-0.9954759491083783,0.5844328571262626
0.1,0.0072509004,1.0130837,0.5419687,-0.9938865600852307,0.5581147826864163
0.1,0.00153034,1.845265,0.53565127,-0.9916278622908244,0.5838654497755332
0.1,0.00055786374,2.5659592,0.82672167,-0.9890099671387255,0.5863871116989495
0.1,0.00048212748,1.4393729,0.6117387,-0.9942806094604554,0.5841646215193738
0.1,0.00058977684,1.84594,0.8334651,-0.9846211879097487,0.5938833380793568
0.1,0.006735122,0.66669226,0.21780914,-0.9658030623135163,0.572820934229438
0.1,0.0005321823,1.9244632,0.77140313,-0.9694621715009741,0.5829852304297457
0.1,0.033057354,0.51570874,0.84526765,-0.955072301919817,0.5657439780744367
0.1,0.00057338463,2.3700662,0.8476375,-0.9798181149663157,0.5886479291960973
0.1,0.0032369366,0.8423938,0.4477711,-0.9733019927737245,0.5786661939946351
0.1,0.0004535443,2.861687,0.54892385,-0.9908296262732663,0.5803432649897472
0.1,0.00043410325,1.7567853,0.5798885,-0.9863636831590661,0.5783286450978019
0.1,0.0014902243,2.3446999,0.88385284,-0.9840737901515307,0.5795937143298443
0.1,0.000675863,2.742854,0.9264707,-0.985289487448539,0.5856718745848462
0.1,0.0005832405,2.483419,0.29350147,-0.9948908861337923,0.5821668514668218
0.1,0.0005995296,2.2332897,0.77326095,-0.9961979545306098,0.5856066461474762
0.1,0.00034137172,0.32374808,0.17291337,-0.9884479054326679,0.5949938915504206
0.1,0.056652438,0.48536652,0.9061959,-0.9637606266659203,0.5586500026580399
0.1,0.000657184,2.8276258,0.91696095,-0.9901983247555102,0.5823382883851247
0.1,0.00054021436,1.8874078,0.5052988,-0.9958452613937961,0.591637441103568
0.1,0.009092393,0.9107876,0.36506566,-0.9707892847361266,0.569025913756786
0.1,0.0005332312,2.0668147,0.6847704,-0.9893950067906134,0.5801601164473614
0.1,0.00036908657,2.5400364,0.510236,-0.994889048679536,0.5923030275887555
0.1,0.0003842259,1.2369218,0.3351222,-0.9875575444241711,0.5974455081445986
0.1,0.00045238144,2.5981088,0.3256487,-0.994892527023067,0.5876797578516166
0.1,0.001805398,0.5415314,0.21168087,-0.9938301964090114,0.5695156566558311
0.1,0.045842785,0.48945236,0.88731295,-0.983279712172576,0.5554585444398876
0.1,0.0005329526,2.610502,0.3633766,-0.9931545260027177,0.5767368460484275
0.1,0.0003659498,1.0942415,0.40118545,-0.9845044375184706,0.5812188838826309
0.1,0.00094548747,2.270507,0.8021679,-0.9832907017310266,0.5721598590330728
0.1,0.0010319279,2.4609003,0.7729397,-0.9892266762674893,0.5701263804814155
0.1,0.0005102709,2.2088752,0.5653846,-0.9937967264127545,0.5896781929229904
0.1,0.0005683324,2.4319263,0.62909544,-0.9911793448954194,0.5759896497428324
0.1,0.0032505326,1.1781362,0.4058662,-0.982317097411007,0.5718686983271123
0.1,0.00069544144,2.7940066,0.9518323,-0.9906799805053202,0.5786582959153556
0.1,0.0003498165,0.5685342,0.26873624,-0.9832205574912147,0.5894213869972915
0.1,0.0007994725,2.8697448,0.9404039,-0.9877143918111786,0.576656740152548
0.1,0.000859897,2.7276847,0.92499137,-0.9850908809604009,0.5896624135377901
0.2,0.0013575938,2.6486847,0.9651182,-0.9953097657717624,0.562033033651934
0.2,0.0015322905,2.2232885,0.61450076,-0.9923308399323513,0.5646650885760623
0.2,0.0013827957,2.3457873,0.6321903,-0.9938597182588684,0.5577038817861044
0.2,0.0018116474,1.9113312,0.33544835,-0.9968982436925053,0.5704378261692601
0.2,0.0013031331,2.1839414,0.68082404,-0.9832008481500598,0.5509767350017232
0.2,0.0013957453,2.302649,0.8488201,-0.9969586026204211,0.5564382386491081
0.2,0.0014577742,2.5260944,0.91580284,-0.9899532297711962,0.5594103535670779
0.2,0.0015636553,2.2132452,0.8261781,-0.9898882786593225,0.5725244325891015
0.2,0.038901195,0.53974164,0.058709197,-0.9809697842482009,0.5665680017599255
0.2,0.0114997765,1.1897638,0.18847093,-0.9885831045072304,0.5832407845743505
0.2,0.0016541721,2.0295365,0.3946248,-0.994988037366105,0.5482711866195795
0.2,0.0017269548,1.7006487,0.87304133,-0.996365206786208,0.5676822106485679
0.2,0.0018245041,1.2940747,0.80920404,-0.9925318467205793,0.576389483813615
0.2,0.0012689643,2.3676517,0.6701968,-0.9864470168055486,0.5562399261205146
0.2,0.03356801,1.4212778,0.3838294,-0.9781513425230989,0.5867027768199873
0.2,0.001381475,2.6984582,0.83282685,-0.9894535083698655,0.5694978709230618
0.2,0.029646752,0.6423692,0.27383357,-0.9869588749242209,0.5727839183235766
0.2,0.0013840287,1.8400006,0.63239723,-0.9865077150700401,0.5743432865140607
0.2,0.037277218,0.47644866,0.19516891,-0.9863546199406626,0.567981568571943
0.2,0.0013589398,1.9163193,0.37572488,-0.9838513935175804,0.5721963214000578
0.2,0.0015426165,2.3004174,0.6471981,-0.9871121767335679,0.5713809044158927
0.2,0.0013164808,2.461663,0.93345785,-0.9881684747678589,0.5596247165654695
0.2,0.03486701,0.42829093,0.044817396,-0.9888906438012706,0.5610025488094199
0.2,0.0019336593,1.3137045,0.48131713,-0.9888238616895975,0.5949225787763563
0.2,0.001310703,2.6267729,0.8912624,-0.9929219761499614,0.5548189108940756
0.2,0.0015210907,2.352799,0.88167155,-0.9888845642967611,0.5592310041583363
0.2,0.0018123932,1.9635898,0.5562239,-0.9802167671646703,0.5677988759770346
0.2,0.0015418619,2.047107,0.5500016,-0.9954239927645088,0.5675174130742504
0.2,0.0061382432,1.6070316,0.14089991,-0.9881135850183874,0.5741531314754567
0.2,0.001509099,2.4650564,0.42856157,-0.9899617346307045,0.5728234202767534
0.2,0.0015024911,1.5633479,0.24256366,-0.9808936126458305,0.5575761984315458
0.2,0.014279517,1.2174891,0.15828185,-0.9841050775054709,0.5815182166905685
0.2,0.0015243695,2.2592368,0.5882726,-0.9962544103605272,0.5549660645677698
0.2,0.011983626,1.5162374,0.33875862,-0.9808945148379392,0.5779277429752753
0.2,0.019750098,0.8840476,0.25276753,-0.9862648973546001,0.5731299270004735
0.2,0.0013328046,2.796775,0.9600604,-0.9935514362021104,0.556052586164845
0.2,0.0013752297,2.0610852,0.5290034,-0.988472805938309,0.5536272376039564
0.2,0.006425775,1.5901929,0.1455414,-0.9900993253285542,0.5771044937238653
0.2,0.0016506665,2.1001954,0.92813116,-0.9922635044300105,0.5530971708677835
0.2,0.020455658,0.8108365,0.22366965,-0.9887123943467726,0.5731580029130514
0.2,0.0015858423,1.1332903,0.42686015,-0.9944885064726807,0.5795134495283114
0.2,0.0015580165,1.8496394,0.36710227,-0.9924159085422971,0.5593119543619618
0.2,0.0015786707,2.0775127,0.5204678,-0.9923435587556517,0.5523249233314309
0.2,0.0014567451,2.1196191,0.7558207,-0.9933495319151574,0.5654769484644903
0.2,0.011436821,1.3306649,0.28666186,-0.991402010878588,0.5744736810240861
0.2,0.0017385896,1.7230028,0.12175909,-0.9858561798552303,0.5538043971921841
0.2,0.006712707,1.8141025,0.13559735,-0.9963539306896345,0.5685835776739515
0.2,0.0032415255,2.2609913,0.039418917,-0.9903713657721325,0.550856126155358
0.2,0.0013119037,2.7506742,0.76578695,-0.9949392856400076,0.5600724087176095
0.2,0.007441702,1.7653732,0.31130707,-0.9873215372664638,0.5775621179574327
0.2,0.0043098098,1.7569911,0.15866344,-0.9878426631583028,0.5768459912601588
0.2,0.0013635663,2.0891283,0.6172817,-0.9977070011101437,0.5805539913746913
0.2,0.012534696,1.5172561,0.111378305,-0.9903163733964527,0.569995285860141
0.2,0.033057377,0.5698784,0.11635623,-0.9790663691321555,0.5636856226067445
0.2,0.0023520335,2.4223096,0.43015715,-0.9903545870069622,0.5725641520542315
0.2,0.0055363653,2.2258875,0.030209258,-0.9899089335838943,0.5406516233583921
0.2,0.0020064332,1.4821837,0.6208736,-0.9826176580486349,0.5607248553844107
0.2,0.032545913,0.39990258,0.17965864,-0.9899180897885271,0.5826469113517645
0.2,0.023957176,0.71108216,0.28324997,-0.9845828025861981,0.5631272907212727
0.2,0.0012000558,2.5031953,0.8522364,-0.996543618998992,0.5526806412490776
0.2,0.036288954,0.6391049,0.06417466,-0.9814860535783638,0.5622471516534037
0.2,0.015817914,1.1474239,0.14888304,-0.9888957199317878,0.5811806678688534
0.2,0.0013624582,2.2739346,0.5435491,-0.9961793739133924,0.5600467319775551
0.2,0.0013416329,2.751894,0.71051276,-0.9924313050541208,0.5613894983843055
0.2,0.0016168612,2.2959962,0.29778317,-0.9920115265980464,0.576018146619392
0.2,0.014026909,1.2802367,0.058933627,-0.9831118759829698,0.5828128360534707
0.2,0.0014596572,2.069345,0.82527196,-0.9929380687027841,0.5696758875544922
0.2,0.0027411943,1.9098837,0.2525975,-0.9895139031641103,0.5748827460553155
0.2,0.03206564,0.9373908,0.15539499,-0.9779101204668004,0.5694779548405405
0.2,0.0013496273,2.3582299,0.68775237,-0.9929088273745692,0.5610819300555927
0.2,0.0016570468,1.906806,0.6530547,-0.9936532925371492,0.5702003357359401
0.2,0.005421427,1.8203897,0.30643177,-0.9880797106887352,0.5729347425753738
0.2,0.0014284562,1.9042001,0.82227916,-0.9936849765196163,0.5568214725954581
0.2,0.0013256879,2.1859949,0.91465515,-0.9968609705740871,0.5751427749333488
0.2,0.0013684739,2.5617323,0.95818084,-0.9946349093145318,0.5724309052863835
0.2,0.027597906,0.73044425,0.4193322,-0.9853218067577683,0.5908817044663724
0.2,0.019582178,1.1055937,0.38028592,-0.9791834887974155,0.565857002043183
0.2,0.0034312955,2.0484078,0.28308475,-0.9916701277954596,0.5846095334925256
0.2,0.0013555894,2.1676595,0.62675047,-0.9924248681713174,0.5543469399147102
0.2,0.0090620555,1.5083514,0.10230759,-0.9906751292578524,0.5838423461819344
0.2,0.0012234155,2.8197014,0.9511041,-0.9933163839009567,0.5621704335280495
0.2,0.0018155116,2.027494,0.7857257,-0.9907125445430671,0.5566678296512632
0.2,0.00168422,2.0365045,0.5013408,-0.9963553537540584,0.5579987884749924
0.2,0.001453983,2.3729932,0.873719,-0.9899726024073747,0.5644607107674152
0.2,0.0012543482,2.9020317,0.98377997,-0.9949941579084967,0.5643890488822653
0.2,0.0013550852,2.1297617,0.6026761,-0.9931472314542239,0.5657365606128596
0.2,0.0014988104,2.249053,0.6716909,-0.9905683633800895,0.555068913359028
0.2,0.0016477038,2.1538346,0.7674546,-0.9968470851751791,0.5635209232211624
0.2,0.0012312415,2.4947217,0.8532869,-0.9882731364035549,0.5566573245412844
0.2,0.004479971,2.3918324,0.03138301,-0.9877856005052295,0.5521726451170588
0.2,0.0015130946,2.1789572,0.61179113,-0.9941433365525288,0.5568814020267043
0.2,0.015165164,1.5262284,0.08629829,-0.9855792795940859,0.5741695621451965
0.2,0.0018373504,0.8790216,0.68622315,-0.9928863182575598,0.5816580427140606
0.2,0.0010457456,2.922253,0.97942805,-0.9959217208993942,0.561421531848965
0.2,0.010356239,1.4283345,0.094347455,-0.9853317167431852,0.5728975912626777
0.2,0.029056925,0.8709476,0.2171152,-0.9921038894519109,0.5807485633646877
0.2,0.0016498816,2.4034815,0.40225953,-0.9805126833639441,0.5668790514692458
0.2,0.0011235303,2.444479,0.8686357,-0.994857052909009,0.5601551349720019
0.2,0.0057117487,1.8784622,0.32249862,-0.9803143129590068,0.5678641546964164
0.2,0.014524354,1.3577576,0.24075405,-0.9825204097353523,0.5801288745254669
0.3,0.052327696,0.36223784,0.38114724,-0.9964043300117913,0.4891217079537365
0.3,0.046284713,0.64114153,0.49017802,-0.9896091011936504,0.5123664461729421
0.3,0.040509194,0.7972606,0.5109462,-0.9831915472581169,0.5011470350114007
0.3,0.04138019,0.6178531,0.5552208,-0.9878661057920436,0.5107764201874551
0.3,0.049594864,0.9576133,0.25785702,-0.9641215809309195,0.5125794025949283
0.3,0.048132587,0.3700443,0.38675788,-0.9865667373498747,0.49900324540012647
0.3,0.042332135,0.90886277,0.39835927,-0.9734720719391623,0.4973612456972825
0.3,0.049130887,0.6938721,0.36739087,-0.9931166132761612,0.5054062758683631
0.3,0.042477723,0.7231527,0.4929003,-0.9869708082941462,0.5126679047125098
0.3,0.04280525,0.30710113,0.52615696,-0.9951326774766907,0.5035378437371457
0.3,0.040899765,0.55537117,0.5793797,-0.9955799871067502,0.5137630966234595
0.3,0.04070965,0.9383744,0.4422493,-0.9862876181205096,0.5039030528648819
0.3,0.041451603,0.781432,0.44921887,-0.9862794726804409,0.49131872110541935
0.3,0.04720264,0.8240474,0.37241387,-0.9785760744885863,0.5048413797844243
0.3,0.037946068,0.7017207,0.55333394,-0.9886151811605397,0.5064104245723055
0.3,0.047993373,0.624598,0.3870911,-0.991969526164996,0.5094075185556544
0.3,0.046274167,0.29626822,0.41979706,-0.9972242206707965,0.5002996261487688
0.3,0.047686335,0.31207293,0.4941327,-0.9956856402258855,0.5127767981438125
0.3,0.039804257,0.64084923,0.47265354,-0.9853756381522379,0.502004873209888
0.3,0.04195947,0.641612,0.5706646,-0.9967878838772434,0.5089072223186544
0.3,0.05030971,0.72483134,0.2968226,-0.9875996779488416,0.5072243484874763
0.3,0.046697475,0.5331169,0.40072182,-0.9861044645348646,0.5028684966827832
0.3,0.04332842,0.8130689,0.45903113,-0.9811797723219448,0.5012492107750416
0.3,0.044930577,0.64842004,0.44762245,-0.9810243538906969,0.4942396382322719
0.3,0.035667323,0.2737314,0.67388237,-0.997740382979781,0.5095858085251226
0.3,0.0502457,0.5186972,0.36069274,-0.992158440023547,0.5025464407096208
0.3,0.038258847,0.30890888,0.6243177,-0.9960589437174334,0.5167825132974787
0.3,0.04290305,0.82245123,0.39050278,-0.9795374255056153,0.5061082477668314
0.3,0.038522076,0.72212565,0.50149256,-0.9790774551723309,0.5137182559646675
0.3,0.04227299,0.66023254,0.4146615,-0.9892342052138708,0.49135426861928444
0.3,0.040492393,0.574261,0.57538104,-0.989526592954223,0.5138254920056529
0.3,0.04402064,0.64079887,0.52301157,-0.9963562133371835,0.4994585159951116
0.3,0.03816032,0.5529592,0.6345552,-0.994548251505634,0.5059877216353538
0.3,0.040119715,0.65531397,0.56428975,-0.9866984133817442,0.5190060626098877
0.3,0.053019047,0.5817619,0.4006424,-0.9886627633947086,0.5091707333825598
0.3,0.047165576,0.46760067,0.4853727,-0.9901434860116314,0.5118487283912511
0.3,0.05210744,0.47612748,0.29876494,-0.9924610793917849,0.5003349265536743
0.3,0.048396606,0.86158395,0.3412842,-0.9750555411918999,0.502392671909112
0.3,0.041005306,0.35234985,0.5943994,-0.9935681629858548,0.5131650718869778
0.3,0.0401973,0.7574935,0.50593054,-0.9933998012511571,0.5100038766149059
0.3,0.038785174,0.5126929,0.5971605,-0.9948247440150734,0.509474764981928
0.3,0.04704097,1.3161156,0.23431592,-0.9488057838512506,0.4982045046309848
0.3,0.042439856,0.43748224,0.51876944,-0.9961628070163542,0.5099091149006647
0.3,0.055155315,0.35715607,0.29008955,-0.9881456122170161,0.49815646753435305
0.3,0.05755985,0.4875802,0.27355558,-0.9868482062276737,0.4998834551733581
0.3,0.052369736,0.41638213,0.37213203,-0.9926775659114714,0.5037193825260963
0.3,0.036913015,0.8284345,0.52676326,-0.9831075293582487,0.5063854443236194
0.3,0.036252525,0.39326113,0.65909684,-0.9944717020161566,0.512452658325378
0.3,0.039176453,0.883346,0.4709306,-0.9814254304704824,0.5137929531736806
0.3,0.04792101,0.8484873,0.35115188,-0.9798310622727558,0.5095715318718347
0.3,0.03976555,0.53564394,0.70447916,-0.9957629400850694,0.5174658687456569
0.3,0.045313783,0.35741153,0.4874128,-0.993828224574949,0.5131644898820354
0.3,0.041263133,0.47412178,0.523255,-0.989851838426993,0.5074574146783717
0.3,0.04027551,0.9924881,0.383968,-0.9591633294867123,0.49724384104241687
0.3,0.044386756,0.8846828,0.34410337,-0.9689690120837534,0.5007752112617561
0.3,0.037236314,0.36253798,0.5879306,-0.9950562538001148,0.5051291837859774
0.3,0.04305822,0.7265348,0.4573375,-0.9787534712263661,0.5012846345176716
0.3,0.04717124,0.40616757,0.45439368,-0.9953374744370018,0.5039982874027161
0.3,0.043530453,0.7808266,0.41830346,-0.9793787441247792,0.5012554270526373
0.3,0.046255287,0.39665586,0.4222966,-0.9877592692765742,0.501815510065292
0.3,0.045963094,0.6529406,0.3644209,-0.9819073393957533,0.5035287875458517
0.3,0.045333594,0.6054827,0.46763813,-0.9836167179805402,0.49759556122602583
0.3,0.041712776,0.8580352,0.45331752,-0.9955467249575434,0.5071392857963154
0.3,0.043756343,0.34183884,0.6397993,-0.9968812047057285,0.5011138181673801
0.3,0.04150171,0.8487132,0.4524022,-0.9790383662600393,0.5053951562533553
0.3,0.04932458,0.31960958,0.41203326,-0.996490057800075,0.4955210691846058
0.3,0.043371018,0.7733026,0.4437228,-0.9837775598229949,0.5072420095276957
0.3,0.04765024,0.76624006,0.33761492,-0.97871310128762,0.5070362925953185
0.3,0.04550548,0.60399425,0.5643002,-0.991588106134402,0.5108347660049851
0.3,0.0498941,0.8045621,0.32134706,-0.9747890976443679,0.5020735945899993
0.3,0.04201554,0.8379829,0.46269754,-0.9806781076702973,0.508228848004567
0.3,0.049796484,0.3325077,0.4028044,-0.9962522727931747,0.5007903029914914
0.3,0.046491586,0.7103999,0.38536316,-0.9874518938946357,0.5063297620213913
0.3,0.051119275,0.5141697,0.36407715,-0.9867419039266296,0.503384004686392
0.3,0.036469694,0.83594245,0.50876933,-0.9729117422265317,0.5176171065452498
0.3,0.051786657,0.4293236,0.28910616,-0.9911374647966368,0.49708709299975906
0.3,0.048410285,0.38160288,0.4316285,-0.9912340873806788,0.5057089204554948
0.3,0.050492898,1.0956478,0.23919573,-0.9757629035291943,0.49027556224741814
0.3,0.03979744,0.47071114,0.57450944,-0.9916614277662588,0.49927178880429807
0.3,0.045440227,0.45051426,0.59983575,-0.9927197712937263,0.5149987075727889
0.3,0.04114689,0.5568982,0.56952864,-0.9973422466724361,0.5100262838246364
0.3,0.03890159,0.8286606,0.5354634,-0.9908347286486552,0.5045560796360244
0.3,0.04491775,0.5905417,0.46433568,-0.9871963591646872,0.5005645650527044
0.3,0.045584366,0.4837666,0.41375068,-0.99713391734209,0.501583164609527
0.3,0.04387959,1.0869343,0.33095738,-0.9713647969909676,0.505713683695576
0.3,0.04437332,0.7629537,0.45782244,-0.9962856637818029,0.5061464804779926
0.3,0.04098284,0.91374856,0.40411866,-0.9795429685226402,0.5088934188781333
0.3,0.04381016,0.93915194,0.30684978,-0.9695181102001891,0.49683512717052664
0.3,0.043627515,0.6499024,0.4846415,-0.992573096516664,0.5132308505212348
0.3,0.04229503,0.19850688,0.60802144,-0.9978366268958913,0.5092979453059093
0.3,0.051855527,0.637379,0.32424775,-0.9806293439832352,0.5060625785779476
0.3,0.046526648,0.4225411,0.4152729,-0.9895927297236513,0.5023699341653873
0.3,0.043367706,0.36956894,0.4572498,-0.9910652285398501,0.5014877537858942
0.3,0.039878123,0.54547393,0.5396602,-0.9865020431905966,0.5088389870630822
0.3,0.047339037,0.731842,0.38650563,-0.9966202635287589,0.5149045102203161
0.3,0.049751498,0.40987998,0.4041225,-0.9884592266387382,0.5044885559757902
0.3,0.052471906,0.51557183,0.43350402,-0.9966281855780532,0.49684281078787806
0.3,0.042660646,0.9104982,0.36710784,-0.9871915446109258,0.506219352316963
0.3,0.039522406,0.33375305,0.59558386,-0.9978294640376155,0.5091324691632049
0.3,0.044101812,0.5616998,0.5849111,-0.9898334166407087,0.5162009235724566
0.4,0.07353553,0.96437347,0.95287395,-0.6672154211406075,0.5061328100128215
0.4,0.082771584,0.66543937,0.94569886,-0.7061163475465267,0.5049358989913079
0.4,0.082577616,0.63556474,0.9499333,-0.6904184998527444,0.5023644768775908
0.4,0.084591895,0.60505044,0.9437259,-0.6860781872773003,0.5085108582172464
0.4,0.07599035,0.92737883,0.95314896,-0.6442113677991536,0.5053179615096489
0.4,0.09357054,0.23194292,0.9139113,-0.9124560457332064,0.49081827112258514
0.4,0.08075612,0.8267537,0.9457751,-0.6435740712921022,0.5029088824569695
0.4,0.08939375,0.4125437,0.93803185,-0.7253585029800007,0.49705909710129764
0.4,0.08946583,0.34123883,0.93764496,-0.7620525242494055,0.49097139499817016
0.4,0.08095616,0.8187141,0.9464474,-0.6614849743135852,0.5117068204107224
0.4,0.06810901,1.2402365,0.9558201,-0.6216837477691819,0.5080050662108121
0.4,0.07879229,0.8501884,0.9468773,-0.6481044805723467,0.5052600002361542
0.4,0.08770338,0.44064778,0.9393095,-0.7512710588822855,0.49651970749192353
0.4,0.09062865,0.324679,0.93064874,-0.7751152147965985,0.48899542417849756
0.4,0.07832283,0.93819404,0.9462732,-0.6381071915420844,0.5133612924168605
0.4,0.082114354,0.7565506,0.9482466,-0.6321979332884209,0.5154067396626839
0.4,0.07865504,0.8897331,0.9503289,-0.6506279922175284,0.5164162707548672
0.4,0.07470622,0.9636071,0.9549151,-0.6441308653898702,0.5066398828339033
0.4,0.081710026,0.7447159,0.94871676,-0.6616132959383456,0.5138110528492686
0.4,0.07516435,0.9424064,0.9529743,-0.6584118020372007,0.5014335872915355
0.4,0.08964465,0.3840062,0.9414244,-0.7800517597443803,0.5014781526163491
0.4,0.078992836,0.875949,0.94568557,-0.6991298251829129,0.5178868270673618
0.4,0.0796104,0.8818599,0.94731,-0.6619092984818045,0.5156013152441503
0.4,0.08524271,0.555451,0.94408363,-0.7199014957073081,0.5002138854562843
0.4,0.079643585,0.770701,0.9498294,-0.6656335421676309,0.509210872731941
0.4,0.08017423,0.88499796,0.9462335,-0.6658785355535083,0.5111795433132653
0.4,0.07695168,0.9598992,0.95052254,-0.6255375302956088,0.5109858507012839
0.4,0.0846016,0.59625447,0.94494075,-0.6871592305047857,0.5042161313607252
0.4,0.07782975,0.8660318,0.9520758,-0.6574939436792923,0.5097389503833598
0.4,0.080263846,0.94816786,0.94348115,-0.6399464963280148,0.5193188029077908
0.4,0.07342825,1.0965077,0.9526462,-0.6292770729130468,0.5103578731011066
0.4,0.07955519,0.72370726,0.9522909,-0.6955439511141855,0.5064395571707575
0.4,0.08143739,0.7367582,0.9476764,-0.679978669166627,0.5107153545084671
0.4,0.08098361,0.8163253,0.94336027,-0.6462447570255074,0.5140401938441106
0.4,0.07909107,1.0119438,0.9436167,-0.6412591194184394,0.5207669207634542
0.4,0.07472173,1.1117463,0.9527433,-0.6397221360420844,0.5201041509579817
0.4,0.08240699,0.70904106,0.9465125,-0.670572615719271,0.5053045883944288
0.4,0.08590535,0.51652056,0.94595116,-0.6823561747793403,0.502304859239836
0.4,0.07317074,1.0990489,0.9515536,-0.5839164213398835,0.5025697705476689
0.4,0.08468758,0.5208106,0.94594353,-0.7223164269365466,0.4994711390183525
0.4,0.08086038,0.84507406,0.9445161,-0.6457697513264274,0.5132537874753723
0.4,0.08048133,0.847074,0.9491348,-0.622691675315756,0.514789245318149
0.4,0.09207997,0.32629466,0.9201962,-0.8292507255895104,0.4987234874751212
0.4,0.07810225,0.9631183,0.9465757,-0.6368173836183831,0.5118768593463203
0.4,0.07252753,1.0492377,0.9535524,-0.6251760074438811,0.49868591894398745
0.4,0.081732996,0.7443336,0.95117116,-0.6551801188341797,0.5052480230937324
0.4,0.08371032,0.7296495,0.94477445,-0.6533007449678042,0.5134809064956858
0.4,0.078912675,0.7707051,0.9536187,-0.7169721024241282,0.5187587959873905
0.4,0.08225772,0.5370695,0.95256305,-0.7216400955962736,0.4933355894866971
0.4,0.0865026,0.54180545,0.9409629,-0.7458566965622941,0.5122617945729062
0.4,0.08084947,0.8316275,0.9433297,-0.6413697359739698,0.5143488862985723
0.4,0.07704063,0.8505239,0.9518244,-0.6476051940552032,0.50568778079568
0.4,0.082523115,0.6977015,0.9484627,-0.6579669935964292,0.5060931275592339
0.4,0.07979631,0.80815566,0.9504272,-0.6943038568279014,0.5129494777573381
0.4,0.081947744,0.61568713,0.9489439,-0.7354977362403164,0.49920917877537463
0.4,0.08130456,0.658375,0.95129937,-0.7060343894416742,0.5043124793207103
0.4,0.08041488,0.73843163,0.9485187,-0.799981912597556,0.5021812362000232
0.4,0.0816725,0.720466,0.9427128,-0.7025365749563295,0.4986013079506835
0.4,0.08044743,0.8294368,0.9468514,-0.6912325723048041,0.5110004810810301
0.4,0.083908424,0.6111705,0.9445206,-0.6912934509369907,0.5026712569880499
0.4,0.07978726,0.88312536,0.94835037,-0.6679394950455019,0.5190946654744182
0.4,0.085887976,0.50620645,0.9459702,-0.708996031203804,0.5002531274628429
0.4,0.08302448,0.69488937,0.94558316,-0.7084675999649066,0.5076228638115319
0.4,0.093402766,0.22998625,0.9163176,-0.8213250088195195,0.4876840111054706
0.4,0.0806566,0.709483,0.9501394,-0.6659705289040795,0.500416022311041
0.4,0.08098574,0.7696607,0.94894266,-0.6748969857890198,0.5050451559162746
0.4,0.085947715,0.5170741,0.9425619,-0.7480281885013892,0.5106057709729083
0.4,0.077294596,0.99771345,0.94977975,-0.6144279205191023,0.5115911043535238
0.4,0.09532107,0.14589328,0.90065074,-0.8893594573249634,0.49065994745458874
0.4,0.08341217,0.6531241,0.9439253,-0.6660195085448425,0.5095756439584835
0.4,0.08279127,0.70249945,0.9468748,-0.6631876786263342,0.5092440563537559
0.4,0.083859645,0.60757804,0.9395922,-0.7287855930222197,0.500772291364156
0.4,0.08199768,0.67678934,0.94895834,-0.7044015524137691,0.5055496454866267
0.4,0.08029628,0.8499039,0.9529958,-0.6138416875639541,0.508258715193031
0.4,0.087225206,0.44369614,0.9451483,-0.7228301090877994,0.4973026129716387
0.4,0.08838852,0.42029548,0.93789566,-0.7489528683495759,0.49339451633594644
0.4,0.08689761,0.40831554,0.9447706,-0.7695621578779456,0.5053655000325878
0.4,0.08287199,0.72322077,0.94721365,-0.6721180911871599,0.520667739892162
0.4,0.08821497,0.4264593,0.94046915,-0.7628542612069461,0.5073820462665842
0.4,0.08076561,0.6926513,0.9539154,-0.6919371072121013,0.5054643088880458
0.4,0.08951599,0.37114793,0.9353328,-0.7640660905643947,0.49195721153355315
0.4,0.0791631,0.82017374,0.9539788,-0.6354175517848456,0.5098915056121328
0.4,0.078739196,0.8643711,0.9483378,-0.6426807536195294,0.5024975056244986
0.4,0.07946712,0.91472036,0.9438327,-0.6383366815958409,0.5140625961368032
0.4,0.09087998,0.34856278,0.9319,-0.7568902403456432,0.502321046825256
0.4,0.086587936,0.48055354,0.9438422,-0.7448556785314048,0.5051761341076048
0.4,0.084434174,0.55699056,0.94581383,-0.7067046622684154,0.5066789959772894
0.4,0.08577544,0.50955874,0.9448108,-0.7372276769746836,0.5011447344441102
0.4,0.08816092,0.373554,0.94477534,-0.7730362676045069,0.5009149726887933
0.4,0.07684827,0.9450888,0.95059645,-0.6377018046133417,0.5057716063391322
0.4,0.07202679,1.2001283,0.95079917,-0.6343424718709058,0.5132180516961177
0.4,0.07968568,0.86505103,0.94782335,-0.6483726809896918,0.5096018906334254
0.4,0.08553072,0.5225835,0.94282204,-0.7611869645381905,0.5036467943449506
0.4,0.0836119,0.57277983,0.94798774,-0.7160137571560857,0.5056015736519889
0.4,0.072718404,1.0850437,0.9565015,-0.6364855228167378,0.5104243353734642
0.4,0.08604163,0.554297,0.93980145,-0.6831209968301253,0.4938109656781359
0.4,0.08864539,0.38516504,0.93819183,-0.7645022986490244,0.49970701503618786
0.4,0.079290204,0.8004629,0.9498733,-0.6753671586349992,0.5067622333343457
0.4,0.07399954,1.0688288,0.9553343,-0.625153452887681,0.5155943256509168
0.4,0.08485487,0.6444425,0.9381562,-0.6806086313252248,0.5066123004914472
0.5,0.05694605,1.8574739,0.41909486,-0.8705368362265606,0.48192666863546096
0.5,0.06120004,2.1772196,0.56857467,-0.8674542137871719,0.4915327403142542
0.5,0.058162116,1.9132543,0.4246156,-0.8310548287626918,0.4766206708474878
0.5,0.05769317,2.069243,0.50560063,-0.9565037107090714,0.495317385162568
0.5,0.068252645,1.6303415,0.45457023,-0.8691847824108601,0.48095345642791515
0.5,0.048518613,2.1416116,0.4076886,-0.8248055976869324,0.4841425092054199
0.5,0.054166976,2.0603619,0.47310907,-0.872016011951075,0.4892541082986479
0.5,0.056015424,2.0954301,0.48276585,-0.8697152143362188,0.48645441997590666
0.5,0.047064867,2.3582366,0.422173,-0.9552938791821868,0.5013551215797479
0.5,0.06055813,1.7622666,0.4595537,-0.8636852242764816,0.48919936415102605
0.5,0.058363505,1.9592181,0.49278086,-0.934349824591828,0.5020760661483001
0.5,0.050417498,2.244583,0.44726944,-0.8857598443359238,0.5073769156772262
0.5,0.046404246,2.3465102,0.42184395,-0.8438617812111162,0.4925416747691041
0.5,0.059499692,1.7986392,0.44260964,-0.9199202973647169,0.4899965146123597
0.5,0.053501397,1.9969628,0.38596725,-0.8868789636163413,0.49477588512550225
0.5,0.05736118,2.0596197,0.49986035,-0.8350230065170479,0.4934325552208227
0.5,0.0465922,2.3031483,0.41610038,-0.8343776774377827,0.49183110294488963
0.5,0.05819349,1.9433016,0.47085294,-0.8573752334256138,0.48900334369434384
0.5,0.061669264,1.8488588,0.41257754,-0.8369816918580071,0.4875148745067113
0.5,0.05037075,2.2595646,0.43537048,-0.818993570108987,0.48796579263051704
0.5,0.05208829,2.0861635,0.4087761,-0.8273991119726106,0.4915428878272579
0.5,0.04846756,2.3900275,0.4720287,-0.8728827615738751,0.5019581384753491
0.5,0.04845005,2.225046,0.4141699,-0.8389355022903305,0.5029956458768104
0.5,0.05251679,2.2788298,0.46109372,-0.842951280420753,0.5033929752536035
0.5,0.055748407,2.0490642,0.3218568,-0.789617266546381,0.48764125304569556
0.5,0.052829396,2.1893852,0.47185022,-0.8521072494065909,0.4987166787934229
0.5,0.06311827,1.7747278,0.4174955,-0.9751201439446053,0.4904241829984401
0.5,0.051079784,2.3598044,0.4786448,-0.8346755418537772,0.4861361193277782
0.5,0.054088864,2.1567223,0.46539629,-0.8216490343910193,0.49141958920449563
0.5,0.048407372,2.2171717,0.44006866,-0.9447537372467036,0.48928526982515647
0.5,0.05652212,2.0472043,0.46445692,-0.8308336735013748,0.4938320917794678
0.5,0.062804475,1.733096,0.45827615,-0.8572422320799907,0.48795968821237445
0.5,0.06494022,1.7010944,0.47504345,-0.8734030438033564,0.4878052799131526
0.5,0.04912951,2.1234055,0.40573657,-0.8585830058658762,0.4872289243692202
0.5,0.050804723,2.2704957,0.47200748,-0.8098414066946232,0.4964670089506893
0.5,0.05339658,1.9796413,0.40352944,-0.8333942836539769,0.48339073708100444
0.5,0.050359305,2.2001922,0.4318415,-0.8353083326747129,0.4921286237795696
0.5,0.04720325,2.1446874,0.37410668,-0.8531461308984067,0.4904134724072405
0.5,0.05111953,2.199155,0.44833574,-0.8214801705070316,0.5041126881125901
0.5,0.06394732,1.7437158,0.48927295,-0.8587791277816487,0.4902995527984114
0.5,0.05742,2.0969033,0.519696,-0.8750446339223191,0.4952541924988818
0.5,0.050420333,2.1756911,0.42353672,-0.8200040328648376,0.49537922455238936
0.5,0.05439342,2.3140497,0.50047547,-0.8285010699376707,0.5017638559904539
0.5,0.061456326,1.7512615,0.3974192,-0.8538806394883168,0.48085257471879683
0.5,0.059303015,2.0359325,0.53345317,-0.8468250898284468,0.4957246954087987
0.5,0.056795646,1.9554852,0.4626349,-0.8794794756017875,0.48715208482177147
0.5,0.055014826,2.1484656,0.47240108,-0.8304675429239887,0.4980214360801309
0.5,0.052451003,2.0430067,0.4199874,-0.865808723045988,0.4965553913811334
0.5,0.05920621,1.9381332,0.3064586,-0.759266543078145,0.4774874154512378
0.5,0.04812528,2.2938373,0.4271986,-0.8454795031448267,0.4963056955860808
0.5,0.05063798,2.19888,0.44707504,-0.8223691629656426,0.5004148044473675
0.5,0.053052634,2.4382908,0.505385,-0.9531438196660986,0.4924968325342004
0.5,0.07807043,2.11617,0.21165489,-0.6557305446225201,0.46745666826033117
0.5,0.06022516,2.0448732,0.5231001,-0.8624446441849581,0.4977879147988218
0.5,0.04487666,2.3068693,0.39703584,-0.8050923308234672,0.5043220041418947
0.5,0.05419587,2.1926358,0.49351567,-0.8555771007963968,0.49570153561941743
0.5,0.047164172,2.317361,0.4232933,-0.8462731139216331,0.49451798262203
0.5,0.049384017,2.1983616,0.42580914,-0.875837016355221,0.49386053891716747
0.5,0.05554984,2.0902615,0.48102075,-0.8469948664201913,0.5020248273123136
0.5,0.062947676,1.806008,0.45791873,-0.8825717857584884,0.48924166885249226
0.5,0.07455188,2.136607,0.21052401,-0.6709598641206249,0.4685770990620779
0.5,0.060745377,2.033332,0.54188436,-0.8530306268325374,0.4890915045061381
0.5,0.07894588,2.6342216,0.10110994,-0.43586406606017003,0.4638154969113307
0.5,0.051939994,2.1066833,0.41698447,-0.852074539832066,0.4957208251800091
0.5,0.07017319,1.621114,0.38007796,-0.8592749174334849,0.4835049584650213
0.5,0.059564743,1.8500534,0.46904922,-0.8655273725635467,0.5000193867027095
0.5,0.054096796,1.9685321,0.38526928,-0.8892037030638756,0.4811984729692527
0.5,0.05067008,2.273679,0.44991276,-0.8046273238820975,0.49476908535713143
0.5,0.052375574,2.2419465,0.4649478,-0.8307107508947119,0.49109257098669756
0.5,0.053345155,2.335498,0.5048502,-0.872124198648644,0.49023530223158246
0.5,0.054491695,2.3957398,0.53863984,-0.849517893805831,0.49792222573088746
0.5,0.05136108,2.2393723,0.45582095,-0.8548124779439035,0.4920645871179268
0.5,0.055124346,2.1385856,0.5038654,-0.8417794513609472,0.49416018661272126
0.5,0.05895923,2.122788,0.51827127,-0.848202035053978,0.49435561018592994
0.5,0.05301646,2.0990114,0.40439743,-0.8792917840988241,0.4975132037036098
0.5,0.05910088,1.8426547,0.4609352,-0.9221726953833818,0.49887933948380847
0.5,0.054857284,2.0580733,0.47837126,-0.8228756436697061,0.4783726111102245
0.5,0.060227122,1.8923504,0.4256551,-0.8627008392920428,0.4865060213982561
0.5,0.050199524,2.124021,0.3864892,-0.8191786928252056,0.48502431929393447
0.5,0.065381736,1.7594132,0.47737622,-0.8734558322697821,0.48228319142174814
0.5,0.051427417,2.0352888,0.3470854,-0.8201586859012816,0.48957056291243295
0.5,0.04998918,2.367924,0.46922207,-0.785745173393852,0.4908217248191474
0.5,0.05329737,2.3074813,0.49401024,-0.8183358587148405,0.4953169498137255
0.5,0.050201178,2.1757596,0.42304203,-0.829883838611424,0.4919787866351895
0.5,0.056534566,1.9542824,0.41774425,-0.8389167072877952,0.49625729382393446
0.5,0.0554023,2.1455462,0.5097944,-0.8587684023437469,0.4960944180013407
0.5,0.055819567,1.9715444,0.4508591,-0.8412713562598327,0.48649248743057827
0.5,0.051583506,2.2625086,0.46459594,-0.83521932704251,0.49267621006415036
0.5,0.05992801,1.8525509,0.46292362,-0.8804575534061462,0.4893917012928577
0.5,0.0489467,2.2693408,0.43143272,-0.8231105159252656,0.4977850695295393
0.5,0.06015929,2.2002642,0.5602563,-0.824571265587088,0.48843191603411895
0.5,0.0717067,1.9376034,0.31617638,-0.7933347543582535,0.48481174242607605
0.5,0.051824484,2.3791049,0.49126703,-0.7933931930803217,0.5061409919062589
0.5,0.050514933,2.0392244,0.39368713,-0.9136636434799597,0.490642856647153
0.5,0.04916641,2.2021115,0.4272924,-0.8420406847678447,0.4900276710216115
0.5,0.05993662,1.8984463,0.49094114,-0.871537717260678,0.49944415419947696
0.5,0.05176383,2.1192384,0.4288904,-0.8421608902943073,0.4892854876621238
0.5,0.06840522,1.6320021,0.46567163,-0.9316186386714752,0.48823789260290745
0.5,0.054219875,2.175776,0.4887526,-0.8382912081827062,0.49614720328082634
0.5,0.05632293,2.0396028,0.47049236,-0.8927961845567154,0.49574269124524944
0.6,0.09864453,2.5690143,0.79964745,-0.5214401060019729,0.493029778540004
0.6,0.09871047,2.6636508,0.72673064,-0.4812948894881548,0.48429874064567324
0.6,0.09857807,2.5294404,0.7937023,-0.41186390492657776,0.48311212260714975
0.6,0.09864488,2.5691836,0.77442575,-0.4707874925508387,0.4959750036638279
0.6,0.09847948,2.5217724,0.7524228,-0.38348777880012463,0.4843891949892567
0.6,0.09857852,2.5240922,0.7676721,-0.43853152660364464,0.49636486561062954
0.6,0.098609775,2.5503876,0.7599744,-0.4699824767293696,0.48423737516279153
0.6,0.098587744,2.5489914,0.8087368,-0.4269242999645335,0.4898522180013889
0.6,0.098653406,2.589791,0.80161446,-0.4700624587333696,0.4873220890388228
0.6,0.09866801,2.575832,0.78056943,-0.48559369766777843,0.5001855880485464
0.6,0.09866107,2.571983,0.80794173,-0.48164758821195264,0.4854318152160896
0.6,0.098611556,2.5590255,0.7760972,-0.44634063811036256,0.4894674139289429
0.6,0.09848383,2.5266123,0.7490401,-0.3663568016992265,0.4805482676180893
0.6,0.09860577,2.5515335,0.79198337,-0.45544065014142254,0.4831241307910936
0.6,0.09860156,2.5250587,0.80132884,-0.43774048251360126,0.4928641070152068
0.6,0.098560564,2.5165417,0.77588373,-0.4905888285332991,0.49172330950807636
0.6,0.0984652,2.5158448,0.72501826,-0.3775601105805876,0.4858165436977335
0.6,0.09853588,2.52783,0.77374727,-0.40462196121804894,0.490179364157786
0.6,0.098592356,2.5335531,0.7823951,-0.4905036767342932,0.4841122504466371
0.6,0.09857294,2.5559227,0.8018523,-0.44265281251526045,0.48290378306372284
0.6,0.09852296,2.5008636,0.7506833,-0.4094244499660563,0.49633889726047953
0.6,0.09856708,2.5392401,0.78592455,-0.41699337695214955,0.4793370200546845
0.6,0.09853604,2.5014634,0.7580667,-0.4242445705206482,0.4891725033347849
0.6,0.09857768,2.5257132,0.8024731,-0.42779407500506905,0.486442544911508
0.6,0.09848631,2.5197499,0.7397556,-0.38960774121949227,0.4872632652394604
0.6,0.09855899,2.5422606,0.80787325,-0.45278835167353776,0.4854897834263215
0.6,0.098550156,2.5308294,0.7760269,-0.4243190086177482,0.4928577634116475
0.6,0.0984399,2.5293038,0.72765124,-0.3601525930300127,0.47722153396648453
0.6,0.09861088,2.5350823,0.8008064,-0.4462740769975309,0.4977699669349682
0.6,0.09852532,2.510109,0.7691645,-0.402846640823873,0.48969049747424664
0.6,0.09846635,2.4897757,0.7209719,-0.3797159398506871,0.4898461655903608
0.6,0.09866005,2.5922554,0.78280306,-0.451933635347264,0.4905280202791854
0.6,0.09848639,2.5035498,0.74757737,-0.3868724338376232,0.49214450905784723
0.6,0.098515786,2.5042117,0.7498784,-0.39262552549860325,0.4859128769152675
0.6,0.0986508,2.5590677,0.80860347,-0.4661078397931939,0.4984656848816536
0.6,0.098493226,2.4908106,0.7438869,-0.3897518456086418,0.4942398873974288
0.6,0.09846231,2.5142987,0.7310068,-0.37232058163240184,0.490585953801133
0.6,0.09868628,2.610661,0.80611956,-0.4799961960754938,0.4877239329862737
0.6,0.09852396,2.513497,0.76589656,-0.4104759398121533,0.49498450827147134
0.6,0.098688185,2.606125,0.7815582,-0.4690228068338697,0.48812360427688134
0.6,0.098665655,2.5860052,0.8176277,-0.4640911014775157,0.49465299860263207
0.6,0.0985353,2.5361693,0.77844816,-0.40830499477375304,0.4890691893107254
0.6,0.098623134,2.5577323,0.7826122,-0.460139113648019,0.49272270024187315
0.6,0.09861132,2.534627,0.79945546,-0.43696181487906605,0.4944768691448464
0.6,0.09847897,2.516161,0.74297655,-0.39519824473361004,0.49042950053940404
0.6,0.0985054,2.504094,0.74993515,-0.39762117548523634,0.4811348681630153
0.6,0.0987077,2.6296341,0.79200125,-0.4909370414947605,0.48718538080622414
0.6,0.09861221,2.544194,0.7843032,-0.4589757547193542,0.5025743799533211
0.6,0.09846956,2.4937167,0.72645104,-0.3811677852040565,0.48361498883478227
0.6,0.098664254,2.5693748,0.8036879,-0.47716609170150726,0.5080926865664294
0.6,0.09861311,2.5521247,0.74681556,-0.46254055154142903,0.4946248891567056
0.6,0.09866909,2.580379,0.8019892,-0.4735257360773395,0.4942577829432224
0.6,0.09846113,2.4929476,0.71588016,-0.3764817273772945,0.486265214630559
0.6,0.09864743,2.5860662,0.771719,-0.45770007110336514,0.4928763418140894
0.6,0.09882413,2.6679754,0.8112524,-0.5298931973538815,0.5004712429006923
0.6,0.09855939,2.529186,0.79810643,-0.42502402806957384,0.4813655649312915
0.6,0.09874412,2.6720886,0.75125957,-0.5049405766588562,0.49269301939659305
0.6,0.098573424,2.5267215,0.7924617,-0.4224830190646386,0.4827133626286533
0.6,0.09853997,2.5048344,0.77330047,-0.41052045214587723,0.4903410058379215
0.6,0.09853543,2.489778,0.7484171,-0.42182556393319415,0.49500583965847633
0.6,0.09860615,2.5605059,0.7839415,-0.43415750446530127,0.48631911418838863
0.6,0.0986247,2.540375,0.7998791,-0.45237529351697653,0.4869609297210103
0.6,0.09859535,2.5301182,0.80432534,-0.478246587727562,0.4894891105527068
0.6,0.09873284,2.6784759,0.74289113,-0.47247313438485966,0.4878686440489483
0.6,0.098510854,2.5083184,0.7642822,-0.40343252341529867,0.49495453087776825
0.6,0.09872077,2.633331,0.7822386,-0.49116343485727904,0.4914337593094291
0.6,0.098528735,2.536519,0.7835843,-0.4152498565141514,0.5010228664049767
0.6,0.09847643,2.4968424,0.7379808,-0.378753273627187,0.49523754015460114
0.6,0.09856848,2.509162,0.76191324,-0.4380623897115429,0.49996994736006317
0.6,0.0986551,2.5846517,0.76499283,-0.47348671458597624,0.49033758165473984
0.6,0.09855366,2.5311306,0.7857338,-0.4345183245583793,0.4908534839849611
0.6,0.09854692,2.523425,0.77204394,-0.4124894449604931,0.4977821882455176
0.6,0.09869476,2.6009138,0.7889554,-0.48662040727551154,0.4872282458724181
0.6,0.09853747,2.5004587,0.7648996,-0.4115832626721926,0.4867768986939948
0.6,0.09850489,2.5069366,0.73996806,-0.3976560206121167,0.49617442003776807
0.6,0.098591544,2.5255039,0.79746705,-0.4340260725727145,0.4999152128645764
0.6,0.09853075,2.5402257,0.7760308,-0.3959840256617466,0.49874049234685924
0.6,0.09874612,2.6995282,0.71185476,-0.5056741300416963,0.49794518738845034
0.6,0.09847457,2.5124488,0.7237017,-0.38924343383376536,0.49014724821924255
0.6,0.09852014,2.5148818,0.7564318,-0.3989355382791748,0.48354215988842475
0.6,0.09861014,2.547987,0.74408305,-0.5027185065310925,0.49492918344883513
0.6,0.09857716,2.5262122,0.79565066,-0.44125739116793633,0.4904489010096231
0.6,0.09865086,2.5811658,0.77062124,-0.47762614268425596,0.49244072864179406
0.6,0.09859847,2.5455375,0.8169585,-0.42846549708551473,0.49067882276848224
0.6,0.09873469,2.6717355,0.7596777,-0.5067797105416452,0.48652683118559703
0.6,0.09849238,2.4741561,0.70151323,-0.397152424188495,0.4956170220591231
0.6,0.098430306,2.5335166,0.72374797,-0.346232395565004,0.48079543036988004
0.6,0.0984732,2.5199296,0.7430198,-0.3811046821710092,0.4849053683163965
0.6,0.098536655,2.5154223,0.7694468,-0.3972249768092726,0.48873498109382263
0.6,0.0985983,2.5377035,0.8041505,-0.43604233184445385,0.488739377497192
0.6,0.09851584,2.5351958,0.7806273,-0.3952915271961055,0.48786454175603405
0.6,0.0985212,2.5096307,0.77051324,-0.39560757215157394,0.4852858327480746
0.6,0.0985911,2.5349457,0.77630264,-0.4545285574232696,0.49430965836341256
0.6,0.098703116,2.618488,0.7922854,-0.4952813009369192,0.4943114099545705
0.6,0.09867628,2.5729034,0.83385354,-0.45969069075446767,0.48780267782882164
0.6,0.09855463,2.5118759,0.7863853,-0.42350752861558993,0.49296943991780473
0.6,0.0987635,2.6482358,0.79653573,-0.5188997441001956,0.49492424832469795
0.6,0.09876255,2.659118,0.7820173,-0.49957894749141857,0.5004907268440395
0.6,0.098607376,2.5414782,0.78962684,-0.45699696183943167,0.49027657975975975
0.6,0.09853261,2.5437553,0.76645243,-0.39781702250093276,0.48767682636404885
0.7,0.09852817,2.8700254,0.75334245,-0.39158669859112083,0.48447110350715283
0.7,0.09830379,2.8592057,0.7697215,-0.4212029982574073,0.4866400779889314
0.7,0.09889222,2.840159,0.6973645,-0.3833670812977298,0.4803998554816594
0.7,0.09833923,2.82491,0.75454056,-0.4508633293715705,0.48688433509951545
0.7,0.09833663,2.8479798,0.76460886,-0.4514805650337918,0.48235164863377844
0.7,0.098599024,2.8732996,0.7706072,-0.39921137424058434,0.48435358350132957
0.7,0.09819066,2.7109025,0.68794477,-0.5062035538294268,0.4936346345120998
0.7,0.0985817,2.8749876,0.7789945,-0.41265803021898506,0.48460014313859795
0.7,0.09828054,2.7703516,0.72380066,-0.46806436990486167,0.4822521998774122
0.7,0.09847768,2.8547099,0.71980125,-0.404474419919059,0.48153176435670525
0.7,0.098454475,2.8612418,0.7465324,-0.4280443184940168,0.48185155678456065
0.7,0.09828207,2.7686493,0.7342662,-0.4272665751822126,0.48982294025185175
0.7,0.09861601,2.871093,0.7533043,-0.5143721748169252,0.49677817403547164
0.7,0.09836238,2.8011484,0.7450447,-0.4624581718571442,0.49746295695683834
0.7,0.09836139,2.8157873,0.737418,-0.4641524911526717,0.48735536258059525
0.7,0.09839997,2.8420806,0.7676209,-0.43788396586777784,0.48724812991437566
0.7,0.09831146,2.784799,0.7377733,-0.5338898749359803,0.49237302876462885
0.7,0.09866833,2.8722,0.7473929,-0.36652478956157886,0.48333918751850236
0.7,0.09830466,2.836576,0.75165945,-0.4500668866758094,0.48370172312519977
0.7,0.09851555,2.862807,0.74543494,-0.42695676166473534,0.4850495190100599
0.7,0.0984432,2.86197,0.7326963,-0.39984738475929094,0.47550481793073907
0.7,0.0983772,2.8439033,0.771825,-0.4225088336438338,0.4884498337923134
0.7,0.09841418,2.8666701,0.75223887,-0.43768239588528374,0.48707151845059893
0.7,0.09822434,2.7213874,0.6900235,-0.503902934986018,0.48673843768461417
0.7,0.09829147,2.8166482,0.7506774,-0.45832214597775567,0.4960502575643679
0.7,0.09844522,2.8470793,0.72880614,-0.3926348585689452,0.47833769307506324
0.7,0.09837994,2.8490658,0.7706711,-0.44594892696252436,0.49376131012649666
0.7,0.09834845,2.8224213,0.7590338,-0.42280554555048494,0.48686181012689045
0.7,0.09825542,2.7466445,0.7120538,-0.47156146895396645,0.49436462601854314
0.7,0.098589495,2.8466413,0.70978457,-0.42074948842625337,0.48107603662008736
0.7,0.098225705,2.7497947,0.7087122,-0.4871252133211309,0.48796993271483025
0.7,0.0988188,2.804213,0.6278824,-0.3852048501675768,0.48248860499077945
0.7,0.09836472,2.8707774,0.7766336,-0.4307578524354711,0.4844698009723438
0.7,0.09841159,2.850688,0.7723699,-0.42521287317617984,0.4924792168691809
0.7,0.09825429,2.7450202,0.7125279,-0.47014943295608574,0.4870250222467324
0.7,0.098466605,2.8552551,0.77342397,-0.43328440305602334,0.49686155430733236
0.7,0.09838169,2.872845,0.7658004,-0.4265534898378003,0.4857244369376788
0.7,0.09819634,2.7076707,0.6824627,-0.5270586912087215,0.48737941669629115
0.7,0.09819573,2.7065942,0.6855614,-0.5367353400417493,0.48806262189301497
0.7,0.09854112,2.8678536,0.7581201,-0.47236030983646493,0.48543611448248725
0.7,0.098354876,2.8108182,0.75144744,-0.4504066113927495,0.494298861745861
0.7,0.09817967,2.7226627,0.6925592,-0.5067944640190798,0.4798343707913288
0.7,0.09869016,2.8566165,0.72375023,-0.3726411054047309,0.4816329203568385
0.7,0.098363906,2.8551476,0.763118,-0.43315666410429154,0.4938464912956206
0.7,0.09830365,2.8043597,0.7380806,-0.45392143365730014,0.4782342628439369
0.7,0.09868151,2.871687,0.7501621,-0.4055426509734816,0.48932377237408736
0.7,0.098991066,2.7707443,0.58983576,-0.32985932487372865,0.47696606207607123
0.7,0.09858388,2.873726,0.74547905,-0.3889183293440918,0.49159185415244283
0.7,0.09843074,2.8570642,0.75971496,-0.4725928912884853,0.4881992322439524
0.7,0.09819774,2.7192972,0.692998,-0.49571689222662635,0.4855729550537892
0.7,0.098444454,2.8574407,0.7440703,-0.4077762275450364,0.4862644612475584
0.7,0.09862433,2.8303127,0.67751265,-0.3776553877075582,0.48468694999629036
0.7,0.09840335,2.837008,0.76911706,-0.4103141785444199,0.49237822783851937
0.7,0.09837081,2.8018136,0.74405324,-0.4455276973985989,0.4876895882141879
0.7,0.098430656,2.8717184,0.759783,-0.3933087826202914,0.48319955943081283
0.7,0.09844459,2.8749933,0.7716043,-0.41618774575676715,0.4822123690781844
0.7,0.09848052,2.8507383,0.77416575,-0.399098733294632,0.48415318841214244
0.7,0.09852373,2.8714952,0.7588591,-0.42237632642489487,0.49129008977044675
0.7,0.098327845,2.802333,0.7491939,-0.4374172629168314,0.49489898996827736
0.7,0.09819195,2.697754,0.6867431,-0.49008437305950275,0.49024087192280386
0.7,0.09863136,2.8708596,0.770641,-0.4162394282146,0.49736961491678583
0.7,0.09833105,2.8140593,0.7509298,-0.4433495714757919,0.4903391417051878
0.7,0.09831929,2.809859,0.74735117,-0.4799822083328928,0.49418034320034965
0.7,0.098575756,2.878422,0.7654975,-0.4215908433708727,0.4997027043971217
0.7,0.09827053,2.7592382,0.72194016,-0.47897671127549224,0.4876102736923156
0.7,0.09838264,2.8670352,0.75791603,-0.40128124095898826,0.49048286560601334
0.7,0.09866087,2.8815222,0.7717618,-0.3997570581300282,0.4824093677911132
0.7,0.09832174,2.7759538,0.7351932,-0.4462063100493455,0.487667276326294
0.7,0.09855339,2.853558,0.76630694,-0.4019101379615929,0.4910751897499597
0.7,0.098629,2.8699634,0.75493777,-0.3975191232519821,0.483889151538671
0.7,0.098687686,2.866203,0.7511081,-0.4077734569925519,0.4929986784276811
0.7,0.098394305,2.8440702,0.7724813,-0.44906323326486036,0.4916350396221134
0.7,0.09871472,2.8638449,0.72710115,-0.3703715258972305,0.4880562445807
0.7,0.09853121,2.8784842,0.77688384,-0.4193153006592177,0.49412139004931177
0.7,0.09856184,2.8818007,0.78168845,-0.41773485031360474,0.48340138180257625
0.7,0.098291405,2.8064833,0.74603343,-0.4521614001846207,0.480847481347269
0.7,0.09821483,2.7172852,0.6950553,-0.4810096347485435,0.48503928480865466
0.7,0.09822126,2.739051,0.7135456,-0.4511602295803288,0.48775343696933854
0.7,0.09852035,2.8506298,0.7082493,-0.4011547592164987,0.4744241201997761
0.7,0.0984167,2.854637,0.75648546,-0.4296617990958184,0.49490460441058665
0.7,0.09846504,2.875182,0.77899724,-0.42657701527565456,0.48976402812899594
0.7,0.09823868,2.7644172,0.7189619,-0.4668768407546523,0.4853602611153566
0.7,0.09840333,2.8430765,0.76253045,-0.4306266287856529,0.48819824470654694
0.7,0.09826824,2.8067505,0.7421602,-0.47049432384022055,0.4862285252450335
0.7,0.09822443,2.750603,0.70731854,-0.5253885200066245,0.48400169004625093
0.7,0.098243035,2.7427597,0.6971324,-0.532815679966059,0.4834826943980164
0.7,0.09883872,2.8790221,0.7566804,-0.3851452040456478,0.4871932823242067
0.7,0.09832263,2.7890496,0.73220325,-0.477769394997927,0.48404008043567287
0.7,0.09851896,2.876919,0.7670711,-0.39364919002497617,0.49424885113689376
0.7,0.09844411,2.8713672,0.782778,-0.4458325356801092,0.4896573394179154
0.7,0.09871613,2.863255,0.72963125,-0.3869935740843216,0.48967166066276585
0.7,0.09880767,2.8242426,0.65685266,-0.3828711045870054,0.48369257172766383
0.7,0.09843791,2.8399312,0.7700624,-0.4107845130745136,0.4989606050289147
0.7,0.098233975,2.7383432,0.7146473,-0.4567910705745777,0.481932782059079
0.7,0.09856145,2.8794947,0.7881662,-0.39630872411533913,0.4962811210943184
0.7,0.09845881,2.8725693,0.7508167,-0.3929190359749032,0.48359377434600165
0.7,0.09879011,2.8525524,0.713044,-0.37137365690992424,0.4829259318656085
0.7,0.098193675,2.713457,0.6954724,-0.5117210302393759,0.4864924454292799
0.7,0.098233975,2.719585,0.6937689,-0.473577194610401,0.4713432199273384
0.7,0.09829912,2.8418746,0.76471764,-0.45697813550335226,0.49110191715594764
0.8,0.098664805,2.7602649,0.8104035,-0.39589106299150567,0.4950669007974483
0.8,0.09866518,2.714248,0.79304767,-0.4155061615278619,0.48908656374187404
0.8,0.09862795,2.7042105,0.7896883,-0.42937015696995623,0.48580147757345704
0.8,0.09863836,2.7182157,0.7910602,-0.43953318922733486,0.49576650380485654
0.8,0.09854022,2.699236,0.76498514,-0.5060638434002059,0.4991341332925179
0.8,0.09870404,2.7465289,0.8172153,-0.4184115151552221,0.4904638183587053
0.8,0.098268755,2.6982849,0.7323995,-0.3368352287799764,0.48419507661359473
0.8,0.09862633,2.7245507,0.79059374,-0.43483757032417375,0.4927965008091374
0.8,0.098543875,2.6984315,0.768264,-0.4665646351997524,0.49033892587281663
0.8,0.09869273,2.7463043,0.8132981,-0.40632202602843764,0.49180603517737337
0.8,0.09859825,2.7124538,0.77868426,-0.5380050221486229,0.4893198372942271
0.8,0.09864973,2.7501338,0.8046844,-0.4642226037612264,0.49423712627080785
0.8,0.09863968,2.7165723,0.79522425,-0.49143180898326855,0.48766046144468517
0.8,0.09835935,2.708165,0.7477526,-0.3343045025018982,0.48814169728485707
0.8,0.09861769,2.6831515,0.77796304,-0.44368565210515615,0.4911817679333286
0.8,0.09866449,2.74537,0.8083855,-0.4547832688775643,0.492684186476095
0.8,0.09865702,2.7323792,0.80202055,-0.4269768383292981,0.4821893070539204
0.8,0.09857086,2.68437,0.7728576,-0.45750902151810435,0.481015986543572
0.8,0.0986007,2.7303097,0.78603697,-0.453915309666492,0.4848326512710026
0.8,0.09868381,2.7381861,0.80764693,-0.4034127765626584,0.4845399750784079
0.8,0.09871044,2.7621365,0.82212275,-0.5154070495137729,0.49784927587694555
0.8,0.098615006,2.7559175,0.79890025,-0.3802494811006563,0.4858297308834295
0.8,0.09869163,2.743768,0.8100507,-0.40504549253967936,0.48816295391708486
0.8,0.09856863,2.72682,0.7771181,-0.4520734078118272,0.4868221088894388
0.8,0.09861662,2.7196207,0.7896723,-0.45142086420463334,0.4839039195165096
0.8,0.09858875,2.6992123,0.7747544,-0.43245999174286986,0.4886464767898768
0.8,0.098488875,2.7293649,0.77125686,-0.3746460780359181,0.4930674625226213
0.8,0.098611385,2.6982386,0.77938956,-0.4376819374013229,0.5027507579142019
0.8,0.098676,2.7599041,0.8164052,-0.43987776160991493,0.49078438241954964
0.8,0.09869038,2.7217093,0.80495125,-0.4106736713648798,0.49799361917071117
0.8,0.098599285,2.725535,0.7867333,-0.47533679367947534,0.4911179512490557
0.8,0.09866509,2.7416806,0.804237,-0.40581594397787507,0.4780573585617389
0.8,0.09866211,2.7167497,0.8002304,-0.426133625041746,0.49089481159724035
0.8,0.09867085,2.7183824,0.8015985,-0.4239176381389827,0.49073999700268556
0.8,0.09858851,2.7224102,0.78219575,-0.47461933219626834,0.4820446118152953
0.8,0.098567925,2.7484283,0.7923911,-0.3905171728200486,0.4990871199414968
0.8,0.09872216,2.7523866,0.8212822,-0.3959281109148417,0.4901866189825398
0.8,0.09865845,2.7301865,0.7988736,-0.4031528163851906,0.4837551959266094
0.8,0.09858304,2.711691,0.775398,-0.49699961440678564,0.4881037323227664
0.8,0.09867792,2.7434192,0.8078705,-0.4184872288663042,0.5034931425140133
0.8,0.09868739,2.7599661,0.81573045,-0.3964351165672373,0.49294599962845304
0.8,0.09868649,2.7439327,0.8122933,-0.4259706586875304,0.4932096620538787
0.8,0.09864927,2.7713926,0.8138442,-0.4016942446503085,0.48935482069874153
0.8,0.09866745,2.7360716,0.8041532,-0.42632490844092513,0.48964181884511165
0.8,0.09859214,2.6916754,0.77093595,-0.4407772743335026,0.49439966884502057
0.8,0.09864709,2.7607794,0.8099159,-0.3795696270662337,0.49164028751164424
0.8,0.09864789,2.7415082,0.80262786,-0.4599992364926401,0.4947852289046786
0.8,0.098654315,2.7351687,0.79894197,-0.4129114186886442,0.49348774460512906
0.8,0.09861959,2.7344756,0.79166394,-0.48033178320907344,0.48534928873675154
0.8,0.09863615,2.7257378,0.79398394,-0.43174028712307383,0.49407939575276955
0.8,0.09863136,2.7008479,0.7892926,-0.43718665452689615,0.48207073847563864
0.8,0.098582275,2.7031333,0.7734418,-0.4702142255680252,0.4909439209328854
0.8,0.09870252,2.7461493,0.8150643,-0.4405739385081982,0.4880250192276359
0.8,0.09860093,2.7129724,0.7822132,-0.46093746455514073,0.48727064571681383
0.8,0.09864739,2.7339094,0.79888135,-0.44555932607958576,0.49748511618858804
0.8,0.09857783,2.7001123,0.77492934,-0.46533940565959114,0.4988042033160432
0.8,0.098666,2.7502532,0.8075402,-0.39433413545330676,0.49946823405002677
0.8,0.09863245,2.749122,0.80038476,-0.39212828445191766,0.49425015532451044
0.8,0.098635696,2.760724,0.8096128,-0.38078545882428666,0.49371434280180443
0.8,0.09862462,2.7408905,0.79479134,-0.48422699448252293,0.4980250892396668
0.8,0.09860659,2.7167199,0.7807137,-0.42310201228170874,0.48765563892827885
0.8,0.098694764,2.7445474,0.8135017,-0.4300671470827215,0.497877896204236
0.8,0.098560445,2.7001047,0.7691187,-0.4427178634310124,0.4884432102314015
0.8,0.09863724,2.7191613,0.79204124,-0.43500153071226066,0.4922898630457763
0.8,0.09854287,2.6993673,0.76625603,-0.47719413936223387,0.481234875096034
0.8,0.09863696,2.7193694,0.7907516,-0.41835782239712516,0.49456239021443976
0.8,0.0986521,2.7090287,0.79144585,-0.4551280273085614,0.49420850216632656
0.8,0.09860108,2.7223482,0.7843064,-0.4417720199913146,0.4963337672019567
0.8,0.09863847,2.7383807,0.80086243,-0.4945684765975011,0.4835288272565408
0.8,0.09864279,2.734451,0.79794854,-0.46329271024588614,0.4954923275311975
0.8,0.0987186,2.755832,0.82295555,-0.3956046010393981,0.4958564162922579
0.8,0.09861036,2.7545578,0.79761624,-0.3824491458669681,0.4947727211689025
0.8,0.09865319,2.7446835,0.80164695,-0.3883259651629294,0.4948084402525027
0.8,0.09859335,2.7268472,0.7822054,-0.4403409539688316,0.4917941209177455
0.8,0.09868653,2.7628546,0.81736535,-0.3863071342794146,0.4948460430941555
0.8,0.09860372,2.718152,0.7830697,-0.4466940448496498,0.48790469898480654
0.8,0.09860119,2.6947694,0.7806251,-0.452307623493958,0.48834211160711943
0.8,0.09863412,2.7237756,0.7921425,-0.45562730667079593,0.4939740861887969
0.8,0.09859605,2.7168033,0.7809284,-0.4712567630325685,0.49353752372142556
0.8,0.09861084,2.7324657,0.7903873,-0.4974104158136403,0.48791235736662386
0.8,0.0986712,2.7727976,0.82020044,-0.3888142917972947,0.4985619486952067
0.8,0.09864368,2.6936996,0.79061264,-0.4407888432683357,0.4880870914546609
0.8,0.09866511,2.750581,0.80925405,-0.38054027973705673,0.4978145766992278
0.8,0.0985731,2.6990464,0.77349144,-0.44831135704389924,0.48797364661250475
0.8,0.09870948,2.7633905,0.8239591,-0.4154887977250174,0.5030253401130254
0.8,0.0986866,2.73696,0.80965394,-0.4086308878690511,0.4992065480726049
0.8,0.0986154,2.6957016,0.7824911,-0.43905144796461043,0.48876226337015233
0.8,0.09859643,2.6946,0.777956,-0.4350526659926161,0.48748936648064267
0.8,0.09859573,2.7335563,0.78682387,-0.4794061396688474,0.49844407059844853
0.8,0.09867637,2.776148,0.819647,-0.4550862053861134,0.5032459388484517
0.8,0.098592184,2.6999826,0.78046685,-0.4389147524806046,0.4949942721297765
0.8,0.0986073,2.6938949,0.7757294,-0.45642175871834717,0.490408222838308
0.8,0.0986125,2.7637937,0.8039009,-0.4105331257573069,0.49638034910424567
0.8,0.0985907,2.7008555,0.77563375,-0.45984857008818375,0.4948987150584998
0.8,0.098452546,2.7209027,0.76489496,-0.3516379268630772,0.48663156263044205
0.8,0.09860239,2.6969724,0.778789,-0.4366440104208721,0.4908842951482377
0.8,0.09863778,2.726355,0.79380906,-0.5004823206174437,0.4923379912532114
0.8,0.09865976,2.7296054,0.7999351,-0.4150843694258412,0.4973487543900621
0.8,0.0986725,2.7863104,0.82321894,-0.3791126465121749,0.49385124984947554
0.8,0.09866847,2.7445748,0.80832285,-0.4564190129127925,0.48928307805391247
0.9,0.09862781,2.8361144,0.68264,-0.48392425908118286,0.4775625713484756
0.9,0.09863034,2.8259494,0.6542043,-0.41589337245184366,0.48353119224218083
0.9,0.09866041,2.8050272,0.61053157,-0.32667169892212333,0.4799670222909719
0.9,0.098631926,2.8166103,0.6444049,-0.4035203528884792,0.47664480600728754
0.9,0.09862038,2.8181057,0.6522637,-0.6583654502439573,0.47776533703075375
0.9,0.098614216,2.8241556,0.6591349,-0.43465799427593277,0.4802331921222847
0.9,0.09865343,2.8177252,0.63759154,-0.37780332992063814,0.48402904993700396
0.9,0.0986187,2.8219705,0.64818215,-0.40673861018733853,0.4880877167923118
0.9,0.09864232,2.8174908,0.6419525,-0.38748870539415364,0.48517114150668933
0.9,0.09864072,2.8376915,0.6849624,-0.5017637895112237,0.48514437954061074
0.9,0.09862107,2.8223057,0.6562159,-0.4287191874708634,0.483312633899071
0.9,0.0986573,2.8070877,0.62243974,-0.37798881026185704,0.4789460836777307
0.9,0.09863573,2.8167636,0.6652459,-0.4905206922558532,0.4819359335919892
0.9,0.098628804,2.8284583,0.671711,-0.46071563022239986,0.481053879260312
0.9,0.09861408,2.8165221,0.6510414,-0.4228513513592152,0.4799501261428022
0.9,0.09863383,2.8304996,0.6742357,-0.4808530161714543,0.48446070003137587
0.9,0.098624475,2.8092513,0.6396857,-0.4446564423158011,0.48383916202502086
0.9,0.098632954,2.8340502,0.6639511,-0.41925087448993326,0.4753527459199178
0.9,0.09862078,2.8178566,0.6438616,-0.3820545622276903,0.4786147810069892
0.9,0.09862552,2.8177993,0.6497071,-0.42153977804508164,0.49260630035030395
0.9,0.09862521,2.8169065,0.6579438,-0.4504785853143838,0.47626591795539747
0.9,0.098625354,2.814443,0.6400319,-0.37920095232071516,0.47390229949597645
0.9,0.09861616,2.822115,0.6515018,-0.4159442189125939,0.48074308827102763
0.9,0.09862347,2.82273,0.6545811,-0.42087586299403595,0.4753849207931728
0.9,0.09862341,2.821405,0.66213876,-0.4839126727313856,0.4832181026320518
0.9,0.098622255,2.8311484,0.6634358,-0.4297342097144308,0.47697898089466356
0.9,0.09864195,2.8199158,0.66580874,-0.4916013265075918,0.4884500530714451
0.9,0.09863308,2.833272,0.677165,-0.49661463982496107,0.48225895116847006
0.9,0.09863166,2.821782,0.6473188,-0.4002001175373394,0.489218281394167
0.9,0.09861868,2.8167996,0.65370214,-0.457802047382639,0.4787058825304325
0.9,0.09863381,2.824953,0.64494,-0.36696376012770615,0.4822305934264765
0.9,0.09863238,2.8212268,0.64917123,-0.4006637755575938,0.47807640790294004
0.9,0.09863316,2.8157282,0.64961916,-0.41959217897025375,0.471330427310585
0.9,0.098620966,2.8225088,0.66559976,-0.4577100291574731,0.48079642705060094
0.9,0.098649636,2.8148575,0.6340139,-0.36587915655930103,0.480934265463504
0.9,0.09863697,2.8275251,0.6569208,-0.4394307129925521,0.4902960773401447
0.9,0.09862793,2.8289504,0.66020113,-0.41197334154698084,0.4757543401844187
0.9,0.09862262,2.8294408,0.66586626,-0.4585075587507212,0.48793971358980065
0.9,0.09862393,2.820707,0.65666395,-0.42744620260070626,0.47847704208132064
0.9,0.09865564,2.8261847,0.67526513,-0.5340107712030868,0.4881340393527756
0.9,0.09863922,2.818487,0.66477984,-0.49777539658397757,0.48442039521288704
0.9,0.09862573,2.8211658,0.6530065,-0.41406114703855024,0.4707835383094468
0.9,0.09864404,2.8204975,0.6656265,-0.46241856363157147,0.47671383091922404
0.9,0.09862525,2.8219821,0.6522625,-0.4704792313639948,0.48079245703617607
0.9,0.09864924,2.8167074,0.66705793,-0.5074871497197714,0.4805285600792842
0.9,0.09864418,2.8281393,0.6699658,-0.48739948686695433,0.48681643341120584
0.9,0.098625444,2.810878,0.6411962,-0.43385327360436743,0.4801335052930209
0.9,0.098624,2.8296435,0.66252416,-0.4269225880232759,0.4789360497370872
0.9,0.098629564,2.8284461,0.6638615,-0.46168770449452046,0.4883189624497384
0.9,0.09865348,2.8278663,0.67622316,-0.4959002214355349,0.4697204174737877
0.9,0.0986319,2.819794,0.66473776,-0.48211387132210787,0.4841861665966561
0.9,0.09862891,2.8178778,0.6429816,-0.3768110699624544,0.4760436673454973
0.9,0.09862184,2.8273861,0.6624901,-0.43125467629805647,0.48160661527364595
0.9,0.098627865,2.8187575,0.64362645,-0.3922298302267928,0.4816872246524462
0.9,0.09861476,2.822674,0.659229,-0.4311964305131833,0.48769445952501955
0.9,0.09862739,2.8205013,0.65095115,-0.4087550811119525,0.4765731780924804
0.9,0.09863526,2.8247542,0.6576094,-0.4265609303004006,0.48306830932418415
0.9,0.09862449,2.8242393,0.6594898,-0.44669256840541494,0.4748484848506158
0.9,0.09861996,2.8253162,0.6608212,-0.44567331116863157,0.4849764026436525
0.9,0.09862657,2.8371274,0.67627543,-0.4506626589092308,0.48726078267131223
0.9,0.09863202,2.8168342,0.66153824,-0.46623902205088785,0.4780068945096086
0.9,0.098620996,2.8282318,0.66424155,-0.43904405099918437,0.4796216080571334
0.9,0.09863788,2.825614,0.65367776,-0.41105400507776496,0.4832658734382923
0.9,0.098627955,2.818876,0.6516833,-0.4426115703982438,0.48210584060601336
0.9,0.09861159,2.823596,0.6595987,-0.4116950459049768,0.48482218322377263
0.9,0.09861732,2.823017,0.6584311,-0.42113563881988697,0.4826376268476848
0.9,0.09863245,2.8254142,0.658424,-0.44727815707032975,0.4877234568543236
0.9,0.09864273,2.8252847,0.6513644,-0.4055125745079679,0.4917038963351732
0.9,0.09864998,2.8175585,0.63997114,-0.4037887847657072,0.48944885812546945
0.9,0.09867058,2.8238993,0.6765613,-0.5520630050880047,0.49254209022561796
0.9,0.09862713,2.8258588,0.6560718,-0.4235577321259879,0.48672527158016726
0.9,0.098627426,2.8205538,0.66323984,-0.48398015229618097,0.4855584108875645
0.9,0.098632,2.8284507,0.6586083,-0.4306164570279954,0.48442297976738
0.9,0.09863556,2.8309078,0.67041504,-0.4597461581831899,0.48896282932824897
0.9,0.09866684,2.8104975,0.66491854,-0.5177761343749966,0.4745160813773383
0.9,0.09863172,2.8163772,0.65888864,-0.45316271577406764,0.47773957912302445
0.9,0.09862971,2.8276033,0.6655634,-0.4610388578928822,0.4886448815907071
0.9,0.098623075,2.821788,0.6506102,-0.48612012955882633,0.4922615441313141
0.9,0.098639324,2.8252387,0.6531237,-0.42516759563539547,0.4945508728115473
0.9,0.0986342,2.8227808,0.6666936,-0.47877672274454597,0.47665488415504415
0.9,0.09864873,2.8216202,0.6431,-0.3663302695117714,0.4832171524159974
0.9,0.098629706,2.8163388,0.64433146,-0.3968111633440691,0.4824855915822143
0.9,0.09862825,2.8181674,0.65716857,-0.4443065406416896,0.4779572624919238
0.9,0.09864561,2.8231459,0.67174715,-0.5427755091185831,0.4836709966954274
0.9,0.09864133,2.826115,0.67337143,-0.4964133606227359,0.4897143002766795
0.9,0.09864497,2.8277564,0.65109575,-0.395808773628635,0.4856765342753626
0.9,0.09861183,2.8128555,0.6439062,-0.41380288408815535,0.4820803301017617
0.9,0.098626025,2.825011,0.6599839,-0.46916652247525825,0.4926348913327541
0.9,0.09862483,2.8163204,0.6483819,-0.3997462712570997,0.466844567919723
0.9,0.09862968,2.8313775,0.6682222,-0.4623532234415737,0.4842896554171932
0.9,0.0986461,2.815223,0.6661367,-0.5022955008902078,0.4750776565337652
0.9,0.098616645,2.8246787,0.65788954,-0.4259202926978163,0.4675316469230049
0.9,0.0986185,2.8081858,0.64886004,-0.4402544206151075,0.47814683617630843
0.9,0.09862134,2.8249466,0.6606023,-0.4307539684012942,0.4812265939691148
0.9,0.09865002,2.817604,0.6635235,-0.5367758838820095,0.47955456521942913
0.9,0.09863018,2.8177948,0.6616941,-0.4592618231272879,0.4785419942969936
0.9,0.09862781,2.8273492,0.6587173,-0.42621323845409687,0.4801500947791178
0.9,0.09863556,2.8244574,0.65974927,-0.4559134218342715,0.4890911740296422
0.9,0.0986531,2.8108323,0.6480854,-0.42811697745833627,0.4750242537802575
0.9,0.09862562,2.8157141,0.6481784,-0.4129086630940593,0.48401059660903756
